{
    "background": [
        0.7254901960784313,
        0.7254901960784313,
        0.7254901960784313,
        1
    ],
    "cat_button": [
        0.21250000000000002,
        0.09999999999999998,
        1,
        1
    ],
    "button_name": [
        1,
        0.09999999999999998,
        0.09999999999999998,
        1
    ],
    "button_description": [
        0.09999999999999998,
        1,
        0.6625,
        1
    ],
    "cat_button_pushed": [
        0.7875,
        0.9,
        0,
        1
    ],
    "button_function": [
        0.8875,
        1,
        0.09999999999999998,
        1
    ],
    "gui_text": [
        0.0,
        0.0,
        0.0,
        1
    ],
    "gui_button": [
        0.0,
        0.748300163266994,
        0.7664041994750657,
        0.3902012248468941
    ],
    "gui_button_pushed": [
        1.0,
        0.251699836733006,
        0.23359580052493434,
        1
    ],
    "gui_dropdown": [
        0.0,
        0.748300163266994,
        0.7664041994750657,
        1
    ],
    "gui_button_text": [
        0.0,
        0.06865021137449676,
        0.17672790901137359,
        1
    ]
}