{
    "background": [
        0.7254901960784313,
        0.7254901960784313,
        0.7254901960784313,
        1
    ],
    "cat_button": [
        0.09999999999999998,
        1,
        0.841732283464567,
        0.27121609798775154
    ],
    "button_name": [
        0.04391951006124248,
        0.43919510061242345,
        0.2909667541557306,
        1
    ],
    "button_description": [
        0.10820209973753277,
        0.05091863517060361,
        0.5091863517060368,
        1
    ],
    "cat_button_pushed": [
        0.9,
        0,
        0.15826771653543303,
        1
    ],
    "button_function": [
        0.3132108486439195,
        0.00191817667585961,
        0.00191817667585961,
        1
    ],
    "gui_text": [
        0.0,
        0.0,
        0.0,
        1
    ],
    "gui_button": [
        0.0,
        0.748300163266994,
        0.7664041994750657,
        0.3902012248468941
    ],
    "gui_button_pushed": [
        1.0,
        0.251699836733006,
        0.23359580052493434,
        1
    ],
    "gui_dropdown": [
        0.0,
        0.748300163266994,
        0.7664041994750657,
        1
    ],
    "gui_button_text": [
        0.0,
        0.06865021137449676,
        0.17672790901137359,
        1
    ]
}